,pursuer,victim,coefficient
0,MMH61,BMH61,0.9819277108433735
1,MMH61,HMH61,0.9090909090909091
2,AE9584,AE9584BX,0.9
3,AE2972AC,AA6961PT,0.8
4,AE2523BA,К4166СР,0.8
5,AE5930,AES9301,0.7994428969359332
6,BMH61,MMH61,0.7980769230769231
7,AH0594II,AFH0594,0.7777777777777778
8,AFH0594,AH0594II,0.7777777777777778
9,AE5646,YAE5646,0.7692307692307693
10,AE0053BH,AE1678IA,0.75
11,AE8537EP,AE1982IX,0.75
12,BI2795AP,AE4564IA,0.75
13,AE5197ET,AE5197,0.75
14,AE5658HA,AE1887CE,0.75
15,AI3819,AE5850,0.75
16,AE9663IH,AE1530KO,0.75
17,AA1476,AA1476HK,0.75
18,EB346,AE8138,0.75
19,AE2523BA,Е2523ВА,0.7227722772277227
20,AE5930,AES93,0.7222222222222222
21,AE5686IM,AE1881BB,0.7142857142857143
22,AE5930,AIE593,0.6934673366834171
23,AE9584EA,AE9895BA,0.6666666666666666
24,AE2523BA,09507HE,0.6666666666666666
25,AE2523BA,К6166СР,0.6461538461538462
26,AE2523BA,С2523ВА,0.64
27,YAE5646,AE5646,0.6363636363636364
28,AE1982IX,AE8537EP,0.631578947368421
29,EB346,AE8346,0.6
30,AE1887CE,AE5658HA,0.6
31,AE1366AB,AA9758XA,0.6
32,AE8987IO,AE6556IB,0.6
33,AE0635HA,AE2967HX,0.6
34,AE8987IO,XE8987IO,0.6
35,AE8987IO,IIAE6556,0.6
36,AE6523HE,AE9357EI,0.5833333333333334
37,AE9357EI,AE6523HE,0.5833333333333334
38,AE9394EI,AE4470IO,0.5714285714285714
39,AE2523BA,OP87721,0.56
40,AE2010,AE2010IO,0.5555555555555556
41,AE2010,MAE200,0.5555555555555556
42,AE2010,BAE200,0.5555555555555556
43,AE5930,AE0396IE,0.5454545454545454
44,AE2523BA,AE8641PA,0.5454545454545454
45,AE2885IX,AE2885,0.5384615384615384
46,AES9301,AE5930,0.5221238938053098
47,AE9790HP,AE4454HK,0.5
48,IE4044EI,AH6774HO,0.5
49,IE4044EI,AFH6774,0.5
50,AE2998HC,AE3031AT,0.5
51,XE9425CE,69645AP,0.5
52,AE1283,AE1283KE,0.5
53,AE1283,XE1283KE,0.5
54,AE1283,С1203РС,0.5
55,AE0123KX,AE3512HC,0.4666666666666667
56,AE2523BA,AE6700IH,0.4666666666666667
57,AE9584BK,AE8293HI,0.46153846153846156
58,AE8523BX,AE6807HO,0.4444444444444444
59,AE4470IO,AE9394EI,0.4444444444444444
60,AE5930,AH1932IM,0.4444444444444444
61,AE2523BA,AH3468OC,0.4444444444444444
62,AE1510AI,AE4086,0.4444444444444444
63,AE9584BX,AE9584,0.43333333333333335
64,AE9584BK,AE9584,0.43333333333333335
65,AE772AA,AE792AA,0.42857142857142855
66,AE3343,AE9402EP,0.42857142857142855
67,35602AE,AE3343,0.42857142857142855
68,AE2624IC,AA9649TB,0.42857142857142855
69,AE8523BX,AE4995BO,0.4
70,AE5930,AE0717CA,0.4
71,AFH6774,IE4044EI,0.4
72,AH6774HO,IE4044EI,0.4
73,AE3031AT,AE2998HC,0.4
74,AE9857BB,AE0767AI,0.4
75,AE8277,AE8277EB,0.39215686274509803
76,AE2232AK,AE5945IP,0.38461538461538464
77,Е2523ВА,AE2523BA,0.3769230769230769
78,AE2148CO,AE2997BE,0.375
79,AE8681PA,AE4241EP,0.375
80,AE3343,AE1124AB,0.375
81,AE4086,AE1510AI,0.375
82,AE3953AA,AE2030CX,0.3684210526315789
83,AE9492HX,AE0022IB,0.36363636363636365
84,BE1369BH,AE5828EK,0.36363636363636365
85,AE9790HP,88815AB,0.36363636363636365
86,AE0840AB,AE7472HB,0.36363636363636365
87,AE0767AI,AE9857BB,0.36363636363636365
88,AE7251KC,WPIKM90,0.36363636363636365
89,AE3403KA,AE3007CI,0.35294117647058826
90,AE2030CX,AE3953AA,0.35
91,AE8277EB,AE8277,0.35
92,AA9649TB,AE2624IC,0.3333333333333333
93,AE5688ET,AE1219AB,0.3333333333333333
94,AE3483KA,AA2866IB,0.3333333333333333
95,AE2010,AE9210HO,0.3333333333333333
96,AE2997BE,AE2148CO,0.3333333333333333
97,AE4676KC,AE6480IH,0.3333333333333333
98,AE4843CM,AE4843CA,0.3333333333333333
99,AE1242,AE4843CA,0.3333333333333333
100,С0172АХ,Г0172АХ,0.325
101,AE9843HX,AE7792AA,0.3181818181818182
102,AE7792AA,AE9843HX,0.3181818181818182
103,AE7055BO,AE3449CK,0.3125
104,С0172АХ,EO172AX,0.31212484993997597
105,AE0123KX,AE5775AK,0.3076923076923077
106,AE3512HC,AE5775AK,0.3076923076923077
107,AE0022IB,AE9492HX,0.3076923076923077
108,AA2866IB,AE3483KA,0.3076923076923077
109,AE5828EK,BE1369BH,0.3076923076923077
110,AE8490HB,AE3128EI,0.3076923076923077
111,CA2477AP,AE5110KB,0.3076923076923077
112,WPIKM90,AE7251KC,0.3076923076923077
113,AE0922BH,AE5260HI,0.3
114,AE1607KC,AE0802HH,0.3
115,С0172АХ,Е0172АХ,0.2907608695652174
116,AE9584,AE9584BK,0.2903225806451613
117,AE7472HB,AE0840AB,0.2857142857142857
118,AE3590KC,AE3736IH,0.2857142857142857
119,С0172АХ,AE017AX,0.2759067357512953
120,AE5825KA,AE6002EI,0.2727272727272727
121,AE7737BO,AE0137EH,0.2727272727272727
122,AE1681KO,AE0137EH,0.2727272727272727
123,AE0108BE,AE0079IA,0.2727272727272727
124,AE1201KM,AE5358AA,0.2727272727272727
125,AE5260HI,AE0922BH,0.2727272727272727
126,AE7055BO,AE2104,0.2727272727272727
127,AE7055,AE2104,0.2727272727272727
128,AE4843CM,AE1242,0.2727272727272727
129,AE4843CA,AE1242,0.2727272727272727
130,AE6024IT,AE7745IH,0.2727272727272727
131,AE7055BO,AE0154CI,0.2727272727272727
132,AE7055,AE0154CI,0.2727272727272727
133,С0172АХ,AO172,0.27
134,AE3512HC,AE0123KX,0.2692307692307692
135,AE1136BO,AE8947KA,0.26666666666666666
136,AE6694IO,AE2702KA,0.26666666666666666
137,AE0110HH,AE7996IP,0.26666666666666666
138,AE1219AB,AE5688ET,0.26666666666666666
139,AE4539AX,AE2234AT,0.26666666666666666
140,AE5516HE,AE5125EP,0.26666666666666666
141,AE2969HA,AE5125EP,0.26666666666666666
142,AE5125EP,AE2969HA,0.26666666666666666
143,AE4843CA,AE4843CM,0.26666666666666666
144,AE1242,AE4843CM,0.26666666666666666
145,AIE593,AE5930,0.26548672566371684
146,С0172АХ,AE0172AX,0.2571428571428571
147,С0172АХ,AEO17,0.25
148,EO172AX,Г0172АХ,0.25
149,AE0881EM,AE7010BE,0.25
150,AE7010BE,AE0881EM,0.25
151,AE2010,AE5623HA,0.25
152,AE8425KB,AE5572IB,0.25
153,FZM088,AE2551AB,0.25
154,AE6002EI,AE5825KA,0.25
155,AE8947KA,AE1136BO,0.25
156,AE2551AB,FZM088,0.25
157,AE3128EI,AE8490HB,0.25
158,AE4511KA,AE0170AK,0.25
159,AE0385KO,AE0141CP,0.25
160,AE4843CM,KDN12,0.25
161,AE1242,KDN12,0.25
162,36097AE,AE7800HH,0.25
163,AE7266EK,AE4958EP,0.25
164,AE8277,AE3449CK,0.25
165,AE1366KE,AE5157IC,0.23529411764705882
166,AA3984MC,AE5157IC,0.23529411764705882
167,AA4936TI,AE7635CT,0.23529411764705882
168,AE9895BA,AE9584EA,0.23529411764705882
169,AE7800HH,36097AE,0.23529411764705882
170,AE6785BH,AE2041EE,0.23529411764705882
171,AE5110KB,CA2477AP,0.23529411764705882
172,EO172AX,С0172АХ,0.23524069028156222
173,К4166СР,AE2523BA,0.23076923076923078
174,AE1517AB,AE1203AB,0.23076923076923078
175,AE1073IH,AE6038AT,0.23076923076923078
176,AE7055BO,AE7053,0.23076923076923078
177,AE7055,AE7053,0.23076923076923078
178,С0172АХ,EO172,0.22727272727272727
179,EO172AX,AEO17,0.2222222222222222
180,AE7996IP,AE0110HH,0.2222222222222222
181,AE5572IB,AE5592IT,0.2222222222222222
182,AE8681PA,AE2673AA,0.2222222222222222
183,AE0152EO,AP8290EB,0.2222222222222222
184,AX7865EP,AP8290EB,0.2222222222222222
185,AE8428AA,AE3300IT,0.2222222222222222
186,С0172АХ,AE0172,0.21893491124260356
187,AE8425KB,AE5351AA,0.21875
188,AE5572IB,AE8425KB,0.21875
189,AE5351AA,AE8425KB,0.21875
190,AX7865EP,AE0152EO,0.21875
191,Е2523ВА,К6166СР,0.2153846153846154
192,AE0802HH,AE1607KC,0.21428571428571427
193,AE7745IH,AE6024IT,0.21428571428571427
194,AE7055BO,AE7055,0.21428571428571427
195,AE0152EO,AX7865EP,0.21212121212121213
196,AES9301,AIE593,0.21105527638190955
197,AE3016EE,AE3130IA,0.21052631578947367
198,AE7856HK,AE6688EE,0.21052631578947367
199,AE2814IM,AE3348IC,0.21052631578947367
200,AE6688EE,AE7856HK,0.21052631578947367
201,AE3348IC,AE2814IM,0.21052631578947367
202,AE7055BO,BT8332BM,0.21052631578947367
203,AE8277,BT8332BM,0.21052631578947367
204,AE7083KB,AE8747IC,0.21052631578947367
205,AE7909EP,AE8747IC,0.21052631578947367
206,AE4578HP,AE3769HO,0.20454545454545456
207,С0172АХ,AG017AX,0.20408163265306123
208,EO172AX,Е0172АХ,0.20108695652173914
209,EO172AX,AE0172AX,0.2
210,AE3130IA,AE3016EE,0.2
211,AE5665CI,AE9150IT,0.2
212,AE0240EA,AE9150IT,0.2
213,AA8573IM,AE1150IB,0.2
214,AE8425KB,AE9344HX,0.2
215,AE5351AA,AE9344HX,0.2
216,AE6480IH,AE4676KC,0.2
217,AE0141CP,AE0385KO,0.2
218,AE8747IC,AE7909EP,0.2
219,AE7083KB,AE7909EP,0.2
220,С0172АХ,AE012AX,0.19428571428571428
221,AE8293HI,AE9584BK,0.1935483870967742
222,AE5611IO,AE7465CB,0.1935483870967742
223,AE017AX,С0172АХ,0.19255222524977295
224,AE7471CB,AE4434BI,0.19047619047619047
225,AE6069KC,AE6091CT,0.19047619047619047
226,AE2700AH,AE8138EP,0.19047619047619047
227,AE3300IT,AE8428AA,0.19047619047619047
228,AE5125EP,AE5516HE,0.19047619047619047
229,AE8747IC,AE7083KB,0.19047619047619047
230,AE7909EP,AE7083KB,0.19047619047619047
231,BA4430BO,AE1238KA,0.19047619047619047
232,AE0076BT,AP1748EB,0.1875
233,AE9079HT,AE1138HE,0.1875
234,AE5945IP,AE2232AK,0.1875
235,AE2064HE,AE0870IP,0.1875
236,AE2969HA,AE3275HH,0.1875
237,AE7465CB,AE5611IO,0.1875
238,С0172АХ,FO172,0.18604651162790697
239,AE017AX,FO172,0.18604651162790697
240,AE017AX,AE0172,0.1854043392504931
241,AE017AX,AE012AX,0.18285714285714286
242,AE017AX,EO172,0.18181818181818182
243,AE4061IX,AE5849CE,0.18181818181818182
244,AE1965BP,AE4854IC,0.18181818181818182
245,AE5667HO,AE3602CB,0.18181818181818182
246,AE0152EO,AE1897KC,0.18181818181818182
247,AX7865EP,AE1897KC,0.18181818181818182
248,AE3343,35602AE,0.1791044776119403
249,EO172AX,AO172,0.17857142857142858
250,AE8277EB,AE7055,0.17857142857142858
251,AE8277,AE7055,0.17857142857142858
252,AE1203AB,AE1517AB,0.17647058823529413
253,AE4434BI,AE7471CB,0.17391304347826086
254,AE5665CI,AE0240EA,0.17391304347826086
255,AE9150IT,AE0240EA,0.17391304347826086
256,AE9905AA,AE0240EA,0.17391304347826086
257,AE6763IE,AE5350EH,0.17391304347826086
258,AE9905AA,AE0055KB,0.17391304347826086
259,AE7182HH,AE1068BM,0.17391304347826086
260,AE5230AH,AA3374TE,0.17391304347826086
261,EO172AX,AE0172,0.17357001972386588
262,0717,AE3308HO,0.1724137931034483
263,AE3769HO,AE4578HP,0.1724137931034483
264,AE017AX,AO172,0.17142857142857143
265,AO172,С0172АХ,0.17075386012715713
266,AE2784ET,DEU520,0.17073170731707318
267,EO172AX,AE017AX,0.16968911917098445
268,AE6091CT,AE6069KC,0.16666666666666666
269,AE5665CI,AE9905AA,0.16666666666666666
270,AE0240EA,AE9905AA,0.16666666666666666
271,AE0055KB,AE9905AA,0.16666666666666666
272,AX9505CE,AE2264BB,0.16666666666666666
273,AE1138HE,AE9079HT,0.16666666666666666
274,AE5157IC,AA3984MC,0.16666666666666666
275,AE1366KE,AA3984MC,0.16666666666666666
276,AE0960HM,AE8822AE,0.16666666666666666
277,AE9472EI,AE1881IO,0.16666666666666666
278,AE017AX,AG017AX,0.16326530612244897
279,AE1238KA,BA4430BO,0.16
280,AE7055,AE7055BO,0.16
281,AE7179CH,AE2002HX,0.16
282,AE0240EA,AE5665CI,0.16
283,AE9150IT,AE5665CI,0.16
284,AE9905AA,AE5665CI,0.16
285,AE4061IX,AE5241IE,0.16
286,AE3128CI,HFB567,0.16
287,AA3374TE,AE5230AH,0.16
288,AA3374TE,AE0880CT,0.15789473684210525
289,AE5230AH,AE0880CT,0.15789473684210525
290,AE2756IP,AE8345HO,0.15789473684210525
291,AE1150IB,AA8573IM,0.15789473684210525
292,AE017AX,EO172AX,0.15726290516206481
293,AO172,AE017AX,0.15544041450777202
294,AE017AX,Е0172АХ,0.15489130434782608
295,AE2002HX,AE7179CH,0.15384615384615385
296,AE5775AK,AE0123KX,0.15384615384615385
297,AE3736IH,AE3590KC,0.15384615384615385
298,AE1068BM,AE7182HH,0.15384615384615385
299,AO172,AEO17,0.1527777777777778
300,AO172,EO172AX,0.15006002400960383
301,AE3602CB,AE7089HA,0.15
302,AE5667HO,AE7089HA,0.15
303,AE7055,AE8277,0.15
304,DEU520,AE2784ET,0.14893617021276595
305,AO172,AE012AX,0.14857142857142858
306,AE4564IA,BI2795AP,0.14814814814814814
307,AE6719EB,AE8371HB,0.14814814814814814
308,AE2219EO,AE9900EB,0.14814814814814814
309,JNC208,AE9900EB,0.14814814814814814
310,AE4758IE,AE9900EB,0.14814814814814814
311,AO172,EO172,0.14685314685314685
312,AO172,Е0172АХ,0.14402173913043478
313,EO172AX,AEO02,0.14285714285714285
314,С0172АХ,AEO02,0.14285714285714285
315,AE5592IT,AE5572IB,0.14285714285714285
316,AE2969HA,AE5516HE,0.14285714285714285
317,AE0679HB,AE0123CE,0.14285714285714285
318,AA4346TE,AE2164KO,0.14285714285714285
319,AE9967KB,AE2164KO,0.14285714285714285
320,AO172,AE0172,0.14201183431952663
321,AE3497HK,KFL458,0.13953488372093023
322,35602AE,AE4560IA,0.1388888888888889
323,AE3128CI,AA8934OP,0.13793103448275862
324,AE4854IC,AE1965BP,0.13793103448275862
325,AE0172,AE012AX,0.13714285714285715
326,AE4900AB,AI9816HK,0.13636363636363635
327,AX6343BB,LZA43180,0.13636363636363635
328,AE5676HB,LZA43180,0.13636363636363635
329,AE5566IA,AE5849CE,0.13636363636363635
330,AE0870IP,AE2064HE,0.13636363636363635
331,AE7111AM,AE3017AP,0.13636363636363635
332,AE7089HA,AE3602CB,0.13636363636363635
333,AA0580PX,AE1166BX,0.13636363636363635
334,AE8277EB,AE7055BO,0.13333333333333333
335,AE2406IO,AE0332CH,0.13333333333333333
336,AE8138EP,AE2700AH,0.13333333333333333
337,AE7432EP,AE2700AH,0.13333333333333333
338,AE2673AA,AE8681PA,0.13333333333333333
339,AE9997EB,AE2113AC,0.13333333333333333
340,AE1151AX,AE2113AC,0.13333333333333333
341,AE2113AC,AE9997EB,0.13333333333333333
342,AE1151AX,AE9997EB,0.13333333333333333
343,AE0172,EO172,0.13286713286713286
344,AE5565AI,AX8008BA,0.1320754716981132
345,00434AI,AE8274EE,0.1320754716981132
346,AE5829CE,AE9178HI,0.13157894736842105
347,AE3308HO,0717,0.13043478260869565
348,AX9505CE,AE0055KB,0.13043478260869565
349,AI9816HK,AE4900AB,0.13043478260869565
350,JPV695,AE5246KB,0.13043478260869565
351,AE0880CT,AA3374TE,0.13043478260869565
352,AE0332CH,AE2406IO,0.12903225806451613
353,AE7814CT,AI2247BK,0.12903225806451613
354,AA8934OP,AE3128CI,0.12903225806451613
355,HFB567,AE3128CI,0.12903225806451613
356,00434AI,AE4004IA,0.12903225806451613
357,AE8274EE,AE4004IA,0.12903225806451613
358,AE5336IA,AE5777HK,0.12903225806451613
359,AM7986CI,AE2784ET,0.1276595744680851
360,EO172AX,AE012AX,0.12571428571428572
361,AE5197ET,AE4553HK,0.125
362,AE0172,AEO17,0.125
363,AE4098EB,AP2868CI,0.125
364,AE9344HX,AE5351AA,0.125
365,AE9344HX,AE8425KB,0.125
366,KFL458,AE3497HK,0.125
367,AA1742TI,AA8558TE,0.125
368,AP8290EB,AE0152EO,0.125
369,AE1897KC,AE0152EO,0.125
370,AE0108BE,JGH393,0.125
371,AX6343BB,AE3192KC,0.125
372,AE9997EB,AE1151AX,0.125
373,AE2113AC,AE1151AX,0.125
374,AE7140HT,AE9118EA,0.125
375,AE3192KC,AX6343BB,0.125
376,AE5676HB,AX6343BB,0.125
377,LZA43180,AX6343BB,0.125
378,AP8290EB,AX7865EP,0.12121212121212122
379,AE1897KC,AX7865EP,0.12121212121212122
380,AE4098EB,AE9284KB,0.12121212121212122
381,JCA506,AE5111CT,0.12121212121212122
382,AA4346TE,AE9967KB,0.12121212121212122
383,AE2164KO,AE9967KB,0.12121212121212122
384,AE2219EO,JNC208,0.1206896551724138
385,AE0172,AE017AX,0.12046632124352331
386,AE8277,AE7055BO,0.12
387,AX6343BB,AE5676HB,0.12
388,LZA43180,AE5676HB,0.12
389,AE3017AP,AE7111AM,0.12
390,AE0880CT,AE5230AH,0.12
391,AE1073IH,AE0110EB,0.11764705882352941
392,AE8412CO,AE0110EB,0.11764705882352941
393,AE0666CK,AE0110EB,0.11764705882352941
394,AP2868CI,AE4098EB,0.11764705882352941
395,AE9284KB,AE4098EB,0.11764705882352941
396,AE7113EB,72907AB,0.11764705882352941
397,AE8274EE,00434AI,0.11666666666666667
398,EO172AX,EO172,0.11538461538461539
399,JNC208,AE2219EO,0.11475409836065574
400,AE017AX,AEO02,0.11428571428571428
401,AE8300CO,AE8638EE,0.11428571428571428
402,AE9636EO,BS883GF,0.11428571428571428
403,AE6170BC,BS883GF,0.11428571428571428
404,AE0577CE,AE4911AX,0.11428571428571428
405,06499AB,AE4911AX,0.11428571428571428
406,AE8955CT,AE4911AX,0.11428571428571428
407,AP8303BO,45130AE,0.1111111111111111
408,AE7140HT,AE0078BC,0.1111111111111111
409,AE8453CK,AA2197PA,0.1111111111111111
410,AE9472EI,AE4136HI,0.1111111111111111
411,00434AI,AE2656IH,0.1111111111111111
412,AE8274EE,AE2656IH,0.1111111111111111
413,AE0577CE,06499AB,0.1111111111111111
414,AE4911AX,06499AB,0.1111111111111111
415,AE8955CT,06499AB,0.1111111111111111
416,AP1748EB,AE0076BT,0.1111111111111111
417,AE1174IK,AE2800HI,0.1111111111111111
418,AE9961CX,JHK317,0.10869565217391304
419,AE7251KC,AE7819AA,0.10869565217391304
420,AE8638EE,AE8300CO,0.10810810810810811
421,AE2800HI,AE1174IK,0.10810810810810811
422,AE9178HI,AE5829CE,0.10752688172043011
423,AE8894ET,AA8652XA,0.10714285714285714
424,AE9961CX,AE4445HO,0.10638297872340426
425,AE7417AK,AE7765AT,0.10526315789473684
426,AE9981CI,AE7765AT,0.10526315789473684
427,AE0422CP,AE7765AT,0.10526315789473684
428,AE9472EI,AX9758BA,0.10526315789473684
429,BOT971,AE1548HT,0.10526315789473684
430,AE0090IH,AE1548HT,0.10526315789473684
431,AE0180AX,AE0039AE,0.10526315789473684
432,AE6700IH,AE0039AE,0.10526315789473684
433,AE5611IO,AE6170BC,0.10526315789473684
434,AE9636EO,AE6170BC,0.10526315789473684
435,BS883GF,AE6170BC,0.10526315789473684
436,AE0172,EO172AX,0.10444177671068428
437,AE0180AX,AE4553HK,0.10416666666666667
438,AE5351AA,AE1965BP,0.10344827586206896
439,AE6415IH,AE1965BP,0.10344827586206896
440,AE8686IH,AE3836IH,0.10344827586206896
441,AE5716BB,AE4952IK,0.10344827586206896
442,AE4952IK,AE5716BB,0.10344827586206896
443,AE0172,AO172,0.10285714285714286
444,AE8371HB,AE6719EB,0.10256410256410256
445,AE5772EA,AE4967EK,0.10256410256410256
446,AE2509KB,AE4967EK,0.10256410256410256
447,AE0090IH,FZG16102,0.10256410256410256
448,AE0055KB,AX9505CE,0.10204081632653061
449,AA1265MC,AE2700AH,0.1
450,AE8934ET,AE7850CT,0.1
451,AE7339ET,AE7850CT,0.1
452,AE6969KB,AE4440BI,0.1
453,JCA506,AE4440BI,0.1
454,AE4952IK,AE1665IX,0.1
455,AE5716BB,AE1665IX,0.1
456,AE7554EM,AE1665IX,0.1
457,72907AB,AE7113EB,0.1
458,AA8558TE,AA1742TI,0.1
459,AE0172,С0172АХ,0.09990917347865577
460,AA0825PH,AE2137HI,0.09859154929577464
461,AE4192AH,AE0710BA,0.0975609756097561
462,AE8322KB,AE0710BA,0.0975609756097561
463,AE6147EM,AE0710BA,0.0975609756097561
464,AE6556IB,AE8987IO,0.0975609756097561
465,XE8987IO,AE8987IO,0.0975609756097561
466,IIAE6556,AE8987IO,0.0975609756097561
467,AE5565AI,AE9904CI,0.0975609756097561
468,AE6763IE,18706AH,0.0975609756097561
469,AE4562KA,DEU520,0.0975609756097561
470,Е0172АХ,С0172АХ,0.0971843778383288
471,AE7280IX,AE1803EM,0.09615384615384616
472,AE8322KB,AE4192AH,0.09523809523809523
473,AE6147EM,AE4192AH,0.09523809523809523
474,AE0710BA,AE4192AH,0.09523809523809523
475,AE4192AH,AE6147EM,0.09523809523809523
476,AE8322KB,AE6147EM,0.09523809523809523
477,AE0710BA,AE6147EM,0.09523809523809523
478,AE4192AH,AE8322KB,0.09523809523809523
479,AE6147EM,AE8322KB,0.09523809523809523
480,AE0710BA,AE8322KB,0.09523809523809523
481,AE5350EH,AE6763IE,0.09523809523809523
482,18706AH,AE6763IE,0.09523809523809523
483,AE9456EB,AE2756IP,0.09523809523809523
484,HGG997,AE2756IP,0.09523809523809523
485,AE4440BI,AE6969KB,0.09523809523809523
486,JCA506,AE6969KB,0.09523809523809523
487,AE3602CB,AE5667HO,0.09523809523809523
488,AE7094HT,AE8411EH,0.09523809523809523
489,AE9178HI,AE8411EH,0.09523809523809523
490,AE2219EO,AE4758IE,0.09523809523809523
491,AE9900EB,AE4758IE,0.09523809523809523
492,JNC208,AE4758IE,0.09523809523809523
493,AE2137HI,AA0825PH,0.0945945945945946
494,AE4414BC,AX8008BA,0.09433962264150944
495,4006Ч1,AP2868CI,0.09375
496,AE5246KB,JPV695,0.09375
497,AE7307HM,AE2232AK,0.09375
498,AE0078BC,AE9118EA,0.09375
499,AE4473IH,AE0662AB,0.09302325581395349
500,AE2893IA,AE6670EO,0.09302325581395349
501,AE8411EH,AE7094HT,0.09302325581395349
502,AE9178HI,AE7094HT,0.09302325581395349
503,AE5772EA,AE5934HO,0.09302325581395349
504,AE0427IK,AE5934HO,0.09302325581395349
505,AE5829CE,AA7890PT,0.09210526315789473
506,AE5788HX,AE4466HP,0.09090909090909091
507,AE6938CO,AE4466HP,0.09090909090909091
508,55135AE,AE4466HP,0.09090909090909091
509,AE7188CB,AE4466HP,0.09090909090909091
510,AE8638EE,AE9284KB,0.09090909090909091
511,AE8300CO,AE9284KB,0.09090909090909091
512,AE1548HT,BOT971,0.09090909090909091
513,AE0090IH,BOT971,0.09090909090909091
514,AE1548HT,AE0090IH,0.09090909090909091
515,BOT971,AE0090IH,0.09090909090909091
516,FZG16102,AE0090IH,0.09090909090909091
517,Е0172АХ,EO172AX,0.09003601440576231
518,AE4560IA,35602AE,0.08955223880597014
519,AE4466HP,AE5788HX,0.08888888888888889
520,AE6938CO,AE5788HX,0.08888888888888889
521,55135AE,AE5788HX,0.08888888888888889
522,AE7188CB,AE5788HX,0.08888888888888889
523,45130AE,AP8303BO,0.08888888888888889
524,AE0989IP,AE0990EP,0.08888888888888889
525,AE9080HA,AE0990EP,0.08888888888888889
526,AE2501CM,AE0990EP,0.08888888888888889
527,KCJ568,AE0990EP,0.08888888888888889
528,AE0989IP,AE9080HA,0.08888888888888889
529,AE0990EP,AE9080HA,0.08888888888888889
530,AE2501CM,AE9080HA,0.08888888888888889
531,KCJ568,AE9080HA,0.08888888888888889
532,AE2900EE,AE9252IK,0.08888888888888889
533,AE5911AI,AE9252IK,0.08888888888888889
534,AE6038HB,AE9252IK,0.08888888888888889
535,AE2685EC,AE9252IK,0.08888888888888889
536,AE3952KB,AE9252IK,0.08888888888888889
537,AE9961CX,AE2892CA,0.08888888888888889
538,AE0679HB,AE7701HH,0.08823529411764706
539,4006Ч1,AE4098EB,0.08823529411764706
540,AE4445HO,JHK317,0.08695652173913043
541,AE5772EA,JHK317,0.08695652173913043
542,AE7714IH,BH3808EM,0.08695652173913043
543,AE8686IH,BH3808EM,0.08695652173913043
544,AE3669BM,BH3808EM,0.08695652173913043
545,AE9225EO,AE3673EO,0.08695652173913043
546,AA0580PX,AE3673EO,0.08695652173913043
547,AE1317KE,AE3673EO,0.08695652173913043
548,AA4346TE,AE3673EO,0.08695652173913043
549,AE8882BM,AE3673EO,0.08695652173913043
550,AE9225EO,AE8882BM,0.08695652173913043
551,AA0580PX,AE8882BM,0.08695652173913043
552,AE1317KE,AE8882BM,0.08695652173913043
553,AA4346TE,AE8882BM,0.08695652173913043
554,AE3673EO,AE8882BM,0.08695652173913043
555,AE0172,AEO02,0.08571428571428572
556,AO172,AEO02,0.08571428571428572
557,AE9284KB,AE8638EE,0.08571428571428572
558,AE0990EP,AE0989IP,0.0851063829787234
559,AE9080HA,AE0989IP,0.0851063829787234
560,AE2501CM,AE0989IP,0.0851063829787234
561,KCJ568,AE0989IP,0.0851063829787234
562,AE0110EB,AE1073IH,0.0851063829787234
563,AE8412CO,AE1073IH,0.0851063829787234
564,AE0666CK,AE1073IH,0.0851063829787234
565,JHK317,AE4445HO,0.0851063829787234
566,AE5772EA,AE4445HO,0.0851063829787234
567,AE4562KA,AE2784ET,0.0851063829787234
568,AE8647KC,AE0201KC,0.0851063829787234
569,AE7384HM,AE4130AC,0.0851063829787234
570,AE7554EM,AE4130AC,0.0851063829787234
571,AE3231CA,AE4130AC,0.0851063829787234
572,AE4886EM,AE4130AC,0.0851063829787234
573,AE3534IP,AE4130AC,0.0851063829787234
574,AE7280IX,AE5854HO,0.0847457627118644
575,AE9300CA,AE4553HK,0.08333333333333333
576,AE3133IT,AE4553HK,0.08333333333333333
577,AE9118EA,AE0078BC,0.08333333333333333
578,AE4468IM,AE1490CO,0.08163265306122448
579,AE9284KB,AE8300CO,0.08108108108108109
580,AE0201KC,AE8647KC,0.08
581,AX8008BA,AE5565AI,0.07954545454545454
582,AE4562KA,AE1548HT,0.07894736842105263
583,AE7417AK,AE9981CI,0.07874015748031496
584,AE5157IC,AE1366KE,0.0784313725490196
585,AA3984MC,AE1366KE,0.0784313725490196
586,AE9210HO,AE1366KE,0.0784313725490196
587,AE0108BE,AE2265CH,0.0784313725490196
588,AE7127IP,AE2265CH,0.0784313725490196
589,AE0422CP,AE2265CH,0.0784313725490196
590,AE4995IC,AE2265CH,0.0784313725490196
591,AE0666CK,AE2589HI,0.07777777777777778
592,AP4686BI,AE2589HI,0.07777777777777778
593,AE3952KB,AE2892CA,0.07777777777777778
594,AE4473IH,AA7646TO,0.07692307692307693
595,AE5513AI,AA7646TO,0.07692307692307693
596,AE7475IK,AA7646TO,0.07692307692307693
597,AE0662AB,AA7646TO,0.07692307692307693
598,AE0814HM,AE1716KB,0.07692307692307693
599,AE7384HM,AE4886EM,0.07692307692307693
600,AE3231CA,AE4886EM,0.07692307692307693
601,AE4562KA,FZG16102,0.07692307692307693
602,AE4562KA,AE1803EM,0.07692307692307693
603,AE8955CT,AE1803EM,0.07692307692307693
604,AE5854HO,AE1803EM,0.07692307692307693
605,AE7788HE,AX8008BA,0.07547169811320754
606,AE7475IK,AE5513AI,0.07547169811320754
607,AE7714IH,AE3669BM,0.07547169811320754
608,AE8686IH,AE3669BM,0.07547169811320754
609,BH3808EM,AE3669BM,0.07547169811320754
610,AE2656IH,AE8274EE,0.07547169811320754
611,AE4004IA,AE8274EE,0.07547169811320754
612,AA7890PT,AE5829CE,0.07526881720430108
613,AE4441BC,AE7113EB,0.075
614,AE9098IA,AE7113EB,0.075
615,AE6230CH,AE7721EI,0.07407407407407407
616,AE9485EB,AE7721EI,0.07407407407407407
617,AE7197HA,AE7721EI,0.07407407407407407
618,AE2303HC,AE7721EI,0.07407407407407407
619,AE6141CP,AE7721EI,0.07407407407407407
620,AE0662AB,AE4473IH,0.07407407407407407
621,AE5918HI,AE3657AT,0.07368421052631578
622,AA5068KX,AE3657AT,0.07368421052631578
623,AE7417AK,AE3657AT,0.07368421052631578
624,AE1100CT,AE0242CH,0.07291666666666667
625,AE8910AH,AE0242CH,0.07291666666666667
626,AE0063CO,AE0242CH,0.07291666666666667
627,88887AA,AE0242CH,0.07291666666666667
628,AE1100CT,AE0063CO,0.07291666666666667
629,AE8910AH,AE0063CO,0.07291666666666667
630,AE0242CH,AE0063CO,0.07291666666666667
631,88887AA,AE0063CO,0.07291666666666667
632,AE8345HO,AE2756IP,0.07142857142857142
633,AE2892CA,AE8098EX,0.07142857142857142
634,AE8303ET,AE8098EX,0.07142857142857142
635,AE9961CX,AE8098EX,0.07142857142857142
636,BX9143BX,AE8098EX,0.07142857142857142
637,AE2707IC,AE8098EX,0.07142857142857142
638,AE7089HA,AE5667HO,0.07142857142857142
639,AE8989CX,AE5667HO,0.07142857142857142
640,AE5918HI,AE7417AK,0.07042253521126761
641,AE9981CI,AE7417AK,0.07042253521126761
642,AE7280IX,KOE587,0.07042253521126761
643,AE8686IH,AE7714IH,0.07017543859649122
644,BH3808EM,AE7714IH,0.07017543859649122
645,AE3669BM,AE7714IH,0.07017543859649122
646,AE5829CE,AE8836BB,0.07017543859649122
647,AA7890PT,AE8836BB,0.07017543859649122
648,AE9015IK,AE8836BB,0.07017543859649122
649,AE2050CE,AE2181IA,0.07
650,88887AA,AE2181IA,0.07
651,AE4321KE,AE2181IA,0.07
652,AE1128EX,AE2181IA,0.07
653,AE5271CP,AE2181IA,0.07
654,AP2868CI,4006Ч1,0.06976744186046512
655,AE4098EB,4006Ч1,0.06976744186046512
656,AE5513AI,AE0662AB,0.06976744186046512
657,AE7475IK,AE0662AB,0.06976744186046512
658,AA7646TO,AE0662AB,0.06976744186046512
659,AE7384HM,AE3534IP,0.06930693069306931
660,AE7554EM,AE3534IP,0.06930693069306931
661,AE3231CA,AE3534IP,0.06930693069306931
662,AE4441BC,AE4005IK,0.06930693069306931
663,AE1881IO,AE9472EI,0.06896551724137931
664,AE4136HI,AE9472EI,0.06896551724137931
665,AX9758BA,AE9472EI,0.06896551724137931
666,AE1665IX,AE4952IK,0.06896551724137931
667,AE7554EM,AE4952IK,0.06896551724137931
668,AE1665IX,AE5716BB,0.06896551724137931
669,AE7554EM,AE5716BB,0.06896551724137931
670,AE4562KA,AE8955CT,0.06896551724137931
671,AE9900EB,JNC208,0.06896551724137931
672,AE4758IE,JNC208,0.06896551724137931
673,AE7280IX,JNC208,0.06896551724137931
674,AE4414BC,AE5565AI,0.06818181818181818
675,AE4562KA,BOT971,0.06818181818181818
676,AE4321KE,AE2279BE,0.06796116504854369
677,AE5271CP,AE2279BE,0.06796116504854369
678,AE7307HM,AE2279BE,0.06796116504854369
679,AE6230CH,AE2279BE,0.06796116504854369
680,AE9961CX,AE2707IC,0.06796116504854369
681,AE5772EA,AE2707IC,0.06796116504854369
682,AE5829CE,AE9015IK,0.06779661016949153
683,AE8836BB,AE9015IK,0.06779661016949153
684,AA7890PT,AE9015IK,0.06779661016949153
685,AE2137HI,AE9015IK,0.06779661016949153
686,AA0825PH,AE9015IK,0.06779661016949153
687,AK9919AO,AE5854HO,0.06779661016949153
688,AE4562KA,AE5854HO,0.06779661016949153
689,AE8955CT,AE5854HO,0.06779661016949153
690,AE1803EM,AE5854HO,0.06779661016949153
691,AE4562KA,AK9919AO,0.06722689075630252
692,88887AA,AE2050CE,0.06666666666666667
693,AE2181IA,AE2050CE,0.06666666666666667
694,AE4321KE,AE2050CE,0.06666666666666667
695,AE1128EX,AE2050CE,0.06666666666666667
696,AE5271CP,AE2050CE,0.06666666666666667
697,AE4578HP,00434AI,0.06666666666666667
698,AE2656IH,00434AI,0.06666666666666667
699,AE4004IA,00434AI,0.06666666666666667
700,AE0422CP,AE2491EC,0.06666666666666667
701,AE5849CE,AE5566IA,0.06578947368421052
702,AE9961CX,JCA506,0.06557377049180328
703,AE5111CT,JCA506,0.06557377049180328
704,AE6969KB,JCA506,0.06557377049180328
705,AE4440BI,JCA506,0.06557377049180328
706,AE9900EB,AE2219EO,0.06557377049180328
707,AE4758IE,AE2219EO,0.06557377049180328
708,AE7280IX,AE2219EO,0.06557377049180328
709,AE5839EM,AE7070HK,0.06521739130434782
710,AE8897HH,AE6010AT,0.06493506493506493
711,AE9961CX,AE5772EA,0.064
712,AE6038AT,AE1073IH,0.06382978723404255
713,AE8910AH,AE1100CT,0.06306306306306306
714,AE0242CH,AE1100CT,0.06306306306306306
715,AE0063CO,AE1100CT,0.06306306306306306
716,88887AA,AE1100CT,0.06306306306306306
717,AE5918HI,AA5068KX,0.0625
718,AE3657AT,AA5068KX,0.0625
719,AE7417AK,AA5068KX,0.0625
720,AE0794EP,AE2972AC,0.0625
721,AE9456EB,AE2972AC,0.0625
722,AE9563EX,AE2972AC,0.0625
723,AE7384HM,AE2972AC,0.0625
724,AE7554EM,AE2972AC,0.0625
725,AE1631IB,AE4061IX,0.0625
726,AE7307HH,AE4061IX,0.0625
727,AK9919AO,AE4061IX,0.0625
728,AE2972AC,AE7554EM,0.061946902654867256
729,AE7384HM,AE7554EM,0.061946902654867256
730,AE3231CA,AE7554EM,0.061946902654867256
731,AE3534IP,AE7554EM,0.061946902654867256
732,AE7554EM,AE4886EM,0.06153846153846154
733,AE4130AC,AE4886EM,0.06153846153846154
734,AE3534IP,AE4886EM,0.06153846153846154
735,AK9919AO,AE8955CT,0.0603448275862069
736,AE1100CT,AE8910AH,0.05982905982905983
737,AE0242CH,AE8910AH,0.05982905982905983
738,AE0063CO,AE8910AH,0.05982905982905983
739,88887AA,AE8910AH,0.05982905982905983
740,EAE334,35602AE,0.05970149253731343
741,KAE334,35602AE,0.05970149253731343
742,AE0726AB,35602AE,0.05970149253731343
743,AE9456EB,HGG997,0.05917159763313609
744,AE7197HA,AE2470ET,0.058823529411764705
745,AE2303HC,AE2470ET,0.058823529411764705
746,AE7212EO,AA1265MC,0.058823529411764705
747,AE4414BC,AA1265MC,0.058823529411764705
748,AE4608HT,AA1265MC,0.058823529411764705
749,AE5513AI,AE7475IK,0.058823529411764705
750,AE1631IB,AK9919AO,0.058823529411764705
751,AE4061IX,AK9919AO,0.058823529411764705
752,AE7307HH,AK9919AO,0.058823529411764705
753,AE8955CT,AK9919AO,0.058823529411764705
754,AE4321KE,AE8363BX,0.05785123966942149
755,AE1128EX,AE8363BX,0.05785123966942149
756,AE5271CP,AE8363BX,0.05785123966942149
757,AE6230CH,AE8363BX,0.05785123966942149
758,AE4473IH,AE5513AI,0.05660377358490566
759,AA7646TO,AE5513AI,0.05660377358490566
760,AE0662AB,AE5513AI,0.05660377358490566
761,AE9015IK,AE2137HI,0.056338028169014086
762,AE9300CA,KOE587,0.056338028169014086
763,AE4005IK,KOE587,0.056338028169014086
764,AE0180AX,KOE587,0.056338028169014086
765,AE4441BC,KOE587,0.056338028169014086
766,AE2707IC,AE5772EA,0.056
767,AE0662AB,AE2509AO,0.05555555555555555
768,AP5199EK,AB6871CT,0.05555555555555555
769,AE8461KB,AB6871CT,0.05555555555555555
770,HGG997,AB6871CT,0.05555555555555555
771,AE9456EB,AB6871CT,0.05555555555555555
772,AE9563EX,AB6871CT,0.05555555555555555
773,AE5513AI,AE4473IH,0.05555555555555555
774,AE7475IK,AE4473IH,0.05555555555555555
775,AA7646TO,AE4473IH,0.05555555555555555
776,AE5918HI,AE9981CI,0.05511811023622047
777,AE0422CP,AE9981CI,0.05511811023622047
778,AE9015IK,AA0825PH,0.05405405405405406
779,AE8411EH,AE9178HI,0.05263157894736842
780,AE7094HT,AE9178HI,0.05263157894736842
781,AE8836BB,AA7890PT,0.05263157894736842
782,AE9015IK,AA7890PT,0.05263157894736842
783,AE7714IH,AE8852EX,0.05
784,AE8686IH,AE8852EX,0.05
785,BH3808EM,AE8852EX,0.05
786,AE3669BM,AE8852EX,0.05
787,AB6871CT,AE8461KB,0.05
788,AP5199EK,AE8461KB,0.05
789,HGG997,AE8461KB,0.05
790,AE9456EB,AE8461KB,0.05
791,AE9563EX,AE8461KB,0.05
792,AE7280IX,AE4005IK,0.04950495049504951
793,AE3657AT,AE7417AK,0.04929577464788732
794,AA5068KX,AE7417AK,0.04929577464788732
795,AE2132IO,AE5772EA,0.048
796,AE0854CT,AE5772EA,0.048
797,AE7788HE,AE5565AI,0.045454545454545456
798,AE9904CI,AE5565AI,0.045454545454545456
799,AE8897HH,AE4061IX,0.044642857142857144
800,AE4473IH,AE7475IK,0.04411764705882353
801,AA7646TO,AE7475IK,0.04411764705882353
802,AE0662AB,AE7475IK,0.04411764705882353
803,AE7280IX,AE8955CT,0.04310344827586207
804,AE8686IH,AE5829CE,0.043010752688172046
805,AE8836BB,AE5829CE,0.043010752688172046
806,AE9015IK,AE5829CE,0.043010752688172046
807,AE7384HM,AE8686IH,0.0423728813559322
808,AE3231CA,AE8686IH,0.0423728813559322
809,AE6082HI,AE7417AK,0.04225352112676056
810,AB6871CT,HGG997,0.04142011834319527
811,AP5199EK,HGG997,0.04142011834319527
812,AE8461KB,HGG997,0.04142011834319527
813,AE9563EX,HGG997,0.04142011834319527
814,AE2509KB,AE2705KC,0.037037037037037035
815,AP5199EK,AE2705KC,0.037037037037037035
816,AE0794EP,AE2705KC,0.037037037037037035
817,AE9456EB,AE2705KC,0.037037037037037035
818,AE9563EX,AE2705KC,0.037037037037037035
